,Label,Truth
0,0,Normal
1,1,Normal
2,2,Normal
3,3,Normal
4,4,Normal
5,5,Normal
6,6,Normal
7,7,Normal
8,8,Normal
9,9,Normal
10,10,Normal
11,11,Normal
12,12,Normal
13,13,Normal
14,14,Normal
15,15,Normal
16,16,Normal
17,17,Normal
18,18,Normal
19,19,Normal
20,20,Normal
21,21,Normal
22,22,Normal
23,23,Normal
24,24,Normal
25,25,Normal
26,26,Normal
27,27,Normal
28,28,Normal
29,29,Normal
30,30,Normal
31,31,Normal
32,32,Normal
33,33,Normal
34,34,Normal
35,35,Normal
36,36,Normal
37,37,Normal
38,38,Normal
39,39,Normal
40,40,Normal
41,41,Normal
42,42,Normal
43,43,Normal
44,44,Normal
45,45,Normal
46,46,Normal
47,47,Normal
48,48,Normal
49,49,Normal
50,50,Normal
51,51,Normal
52,52,Normal
53,53,Normal
54,54,Normal
55,55,Normal
56,56,Normal
57,57,Normal
58,58,Normal
59,59,Normal
60,60,Normal
61,61,Normal
62,62,Normal
63,63,Normal
64,64,Normal
65,65,Normal
66,66,Normal
67,67,Normal
68,68,Normal
69,69,Normal
70,70,Normal
71,71,Normal
72,72,Normal
73,73,Normal
74,74,Normal
75,75,Normal
76,76,Normal
77,77,Normal
78,78,Normal
79,79,Normal
80,80,Normal
81,81,Normal
82,82,Normal
83,83,Normal
84,84,Normal
85,85,Normal
86,86,Normal
87,87,Abormal
88,88,Abormal
89,89,Abormal
90,90,Abormal
91,91,Abormal
92,92,Abormal
93,93,Abormal
94,94,Abormal
95,95,Abormal
96,96,Abormal
97,97,Abormal
98,98,Abormal
99,99,Abormal
100,100,Abormal
101,101,Abormal
102,102,Abormal
103,103,Abormal
104,104,Abormal
105,105,Abormal
106,106,Abormal
107,107,Abormal
108,108,Abormal
109,109,Abormal
110,110,Abormal
111,111,Abormal
112,112,Abormal
113,113,Abormal
114,114,Abormal
115,115,Abormal
116,116,Abormal
117,117,Abormal
118,118,Abormal
119,119,Abormal
120,120,Abormal
121,121,Abormal
122,122,Abormal
123,123,Abormal
124,124,Abormal
125,125,Abormal
126,126,Abormal
127,127,Abormal
128,128,Abormal
129,129,Abormal
130,130,Abormal
131,131,Abormal
132,132,Abormal
133,133,Abormal
134,134,Abormal
135,135,Abormal
136,136,Abormal
137,137,Abormal
138,138,Abormal
139,139,Abormal
140,140,Abormal
141,141,Abormal
142,142,Abormal
143,143,Abormal
144,144,Abormal
145,145,Abormal
146,146,Abormal
147,147,Abormal
148,148,Abormal
149,149,Abormal
150,150,Abormal
151,151,Abormal
152,152,Abormal
153,153,Abormal
154,154,Abormal
155,155,Abormal
156,156,Abormal
157,157,Abormal
158,158,Abormal
159,159,Abormal
160,160,Abormal
161,161,Abormal
162,162,Abormal
163,163,Abormal
164,164,Abormal
165,165,Abormal
166,166,Abormal
167,167,Abormal
168,168,Abormal
169,169,Abormal
170,170,Abormal
171,171,Abormal
172,172,Abormal
173,173,Abormal
174,174,Abormal
175,175,Abormal
176,176,Abormal
177,177,Abormal
178,178,Abormal
179,179,Abormal
180,180,Abormal
181,181,Abormal
182,182,Abormal
183,183,Abormal
184,184,Abormal
185,185,Abormal
186,186,Abormal
187,187,Abormal
188,188,Abormal
189,189,Abormal
190,190,Abormal
191,191,Abormal
192,192,Abormal
193,193,Normal
194,194,Normal
195,195,Normal
196,196,Normal
197,197,Normal
198,198,Normal
199,199,Normal
200,200,Normal
201,201,Normal
202,202,Normal
203,203,Normal
204,204,Normal
205,205,Normal
206,206,Normal
207,207,Normal
208,208,Normal
209,209,Normal
210,210,Normal
211,211,Normal
212,212,Normal
213,213,Normal
214,214,Normal
215,215,Normal
216,216,Normal
217,217,Normal
218,218,Normal
219,219,Normal
220,220,Normal
221,221,Normal
222,222,Normal
223,223,Normal
224,224,Normal
225,225,Normal
226,226,Normal
227,227,Normal
228,228,Normal
229,229,Normal
230,230,Normal
231,231,Normal
232,232,Normal
233,233,Normal
234,234,Normal
235,235,Normal
236,236,Normal
237,237,Normal
238,238,Normal
239,239,Normal
240,240,Normal
241,241,Normal
242,242,Normal
243,243,Normal
244,244,Normal
245,245,Normal
246,246,Normal
247,247,Normal
248,248,Normal
249,249,Normal
250,250,Normal
251,251,Normal
252,252,Normal
253,253,Normal
254,254,Normal
255,255,Normal
256,256,Normal
257,257,Normal
258,258,Normal
259,259,Normal
260,260,Normal
261,261,Normal
262,262,Normal
263,263,Normal
264,264,Normal
265,265,Normal
266,266,Normal
267,267,Normal
268,268,Normal
269,269,Normal
270,270,Normal
271,271,Normal
272,272,Normal
273,273,Normal
274,274,Normal
275,275,Normal
276,276,Normal
277,277,Normal
278,278,Normal
279,279,Normal
280,280,Normal
281,281,Normal
282,282,Normal
283,283,Normal
284,284,Normal
285,285,Normal
286,286,Normal
287,287,Normal
288,288,Normal
289,289,Normal
290,290,Normal
291,291,Normal
292,292,Normal
293,293,Normal
294,294,Normal
295,295,Normal
296,296,Normal
297,297,Normal
298,298,Normal
299,299,Normal
300,300,Normal
301,301,Normal
302,302,Normal
303,303,Normal
304,304,Normal
305,305,Normal
306,306,Normal
307,307,Normal
308,308,Normal
309,309,Normal
310,310,Normal
311,311,Normal
312,312,Normal
313,313,Normal
314,314,Normal
315,315,Normal
316,316,Normal
317,317,Normal
318,318,Normal
319,319,Normal
320,320,Normal
321,321,Normal
322,322,Normal
323,323,Normal
324,324,Normal
325,325,Normal
326,326,Normal
327,327,Normal
328,328,Normal
329,329,Normal
330,330,Normal
331,331,Normal
332,332,Normal
333,333,Normal
334,334,Normal
335,335,Normal
336,336,Normal
337,337,Normal
338,338,Normal
339,339,Normal
340,340,Normal
341,341,Normal
342,342,Normal
343,343,Normal
344,344,Normal
345,345,Normal
346,346,Normal
347,347,Normal
348,348,Normal
349,349,Normal
350,350,Normal
351,351,Normal
352,352,Normal
353,353,Normal
354,354,Normal
355,355,Normal
356,356,Normal
357,357,Normal
358,358,Normal
359,359,Normal
360,360,Normal
361,361,Normal
362,362,Normal
363,363,Normal
364,364,Normal
365,365,Normal
366,366,Normal
367,367,Normal
368,368,Normal
369,369,Normal
370,370,Normal
371,371,Normal
372,372,Normal
373,373,Normal
374,374,Normal
375,375,Normal
376,376,Normal
377,377,Normal
378,378,Normal
379,379,Normal
380,380,Normal
381,381,Normal
382,382,Normal
383,383,Normal
384,384,Normal
385,385,Normal
386,386,Normal
387,387,Normal
388,388,Normal
389,389,Normal
390,390,Normal
391,391,Normal
392,392,Normal
393,393,Normal
394,394,Normal
395,395,Normal
396,396,Normal
397,397,Normal
398,398,Normal
399,399,Normal
400,400,Normal
401,401,Normal
402,402,Normal
403,403,Normal
404,404,Normal
405,405,Normal
406,406,Normal
407,407,Normal
408,408,Normal
409,409,Normal
410,410,Normal
411,411,Normal
412,412,Normal
413,413,Normal
414,414,Normal
415,415,Normal
416,416,Normal
417,417,Normal
418,418,Normal
419,419,Normal
420,420,Normal
421,421,Normal
422,422,Normal
423,423,Normal
424,424,Normal
425,425,Normal
426,426,Normal
427,427,Normal
428,428,Normal
429,429,Normal
430,430,Normal
431,431,Normal
432,432,Normal
433,433,Normal
434,434,Normal
435,435,Normal
436,436,Normal
437,437,Normal
438,438,Normal
439,439,Normal
440,440,Normal
441,441,Normal
442,442,Normal
443,443,Normal
444,444,Normal
445,445,Normal
446,446,Normal
447,447,Normal
448,448,Normal
449,449,Normal
450,450,Normal
451,451,Normal
452,452,Normal
453,453,Normal
454,454,Abormal
455,455,Abormal
456,456,Abormal
457,457,Abormal
458,458,Abormal
459,459,Abormal
460,460,Abormal
461,461,Abormal
462,462,Abormal
463,463,Abormal
464,464,Abormal
465,465,Abormal
466,466,Abormal
467,467,Abormal
468,468,Abormal
469,469,Abormal
470,470,Abormal
471,471,Abormal
472,472,Abormal
473,473,Abormal
474,474,Abormal
475,475,Abormal
476,476,Abormal
477,477,Abormal
478,478,Abormal
479,479,Abormal
480,480,Abormal
481,481,Abormal
482,482,Abormal
483,483,Abormal
484,484,Abormal
485,485,Abormal
486,486,Abormal
487,487,Abormal
488,488,Abormal
489,489,Abormal
490,490,Abormal
491,491,Abormal
492,492,Abormal
493,493,Abormal
494,494,Abormal
495,495,Abormal
496,496,Abormal
497,497,Abormal
498,498,Abormal
499,499,Abormal
500,500,Abormal
501,501,Abormal
502,502,Abormal
503,503,Abormal
504,504,Abormal
505,505,Abormal
506,506,Abormal
507,507,Abormal
508,508,Abormal
509,509,Abormal
510,510,Abormal
511,511,Abormal
512,512,Abormal
513,513,Abormal
514,514,Abormal
515,515,Abormal
516,516,Abormal
517,517,Abormal
518,518,Abormal
519,519,Abormal
520,520,Abormal
521,521,Abormal
522,522,Abormal
523,523,Abormal
524,524,Abormal
525,525,Abormal
526,526,Abormal
527,527,Abormal
528,528,Abormal
529,529,Abormal
530,530,Abormal
531,531,Abormal
532,532,Abormal
533,533,Abormal
534,534,Abormal
535,535,Abormal
536,536,Abormal
537,537,Abormal
538,538,Abormal
539,539,Abormal
540,540,Abormal
541,541,Abormal
542,542,Abormal
543,543,Abormal
544,544,Abormal
545,545,Abormal
546,546,Abormal
547,547,Abormal
548,548,Abormal
549,549,Abormal
550,550,Abormal
551,551,Abormal
552,552,Abormal
553,553,Abormal
554,554,Abormal
555,555,Abormal
556,556,Abormal
557,557,Abormal
558,558,Abormal
559,559,Abormal
560,560,Abormal
561,561,Abormal
562,562,Abormal
563,563,Abormal
564,564,Abormal
565,565,Abormal
566,566,Abormal
567,567,Abormal
568,568,Abormal
569,569,Abormal
570,570,Abormal
571,571,Abormal
572,572,Abormal
573,573,Abormal
574,574,Abormal
575,575,Abormal
576,576,Abormal
577,577,Abormal
578,578,Abormal
579,579,Abormal
580,580,Abormal
581,581,Abormal
582,582,Abormal
583,583,Abormal
584,584,Abormal
585,585,Abormal
586,586,Abormal
587,587,Abormal
588,588,Abormal
589,589,Abormal
590,590,Abormal
591,591,Abormal
592,592,Abormal
593,593,Abormal
594,594,Abormal
595,595,Abormal
596,596,Abormal
597,597,Abormal
598,598,Abormal
599,599,Abormal
600,600,Abormal
601,601,Abormal
602,602,Abormal
603,603,Abormal
604,604,Abormal
605,605,Abormal
606,606,Abormal
607,607,Abormal
608,608,Abormal
609,609,Abormal
610,610,Abormal
611,611,Abormal
612,612,Abormal
613,613,Abormal
614,614,Abormal
615,615,Abormal
616,616,Abormal
617,617,Abormal
618,618,Abormal
619,619,Abormal
620,620,Normal
621,621,Normal
622,622,Normal
623,623,Normal
624,624,Normal
625,625,Normal
626,626,Normal
627,627,Normal
628,628,Normal
629,629,Normal
630,630,Normal
631,631,Normal
632,632,Normal
633,633,Normal
634,634,Normal
635,635,Normal
636,636,Normal
637,637,Normal
638,638,Normal
639,639,Normal
640,640,Normal
641,641,Normal
642,642,Normal
643,643,Normal
644,644,Normal
645,645,Normal
646,646,Normal
647,647,Normal
648,648,Normal
649,649,Normal
650,650,Normal
651,651,Normal
652,652,Normal
653,653,Normal
654,654,Normal
655,655,Normal
656,656,Normal
657,657,Normal
658,658,Normal
659,659,Normal
660,660,Normal
661,661,Normal
662,662,Normal
663,663,Normal
664,664,Normal
665,665,Normal
666,666,Normal
667,667,Normal
668,668,Normal
669,669,Normal
670,670,Normal
671,671,Normal
672,672,Normal
673,673,Normal
674,674,Normal
675,675,Normal
676,676,Normal
677,677,Normal
678,678,Normal
679,679,Normal
680,680,Normal
681,681,Normal
682,682,Normal
683,683,Normal
684,684,Normal
685,685,Normal
686,686,Normal
687,687,Normal
688,688,Normal
689,689,Normal
690,690,Normal
691,691,Normal
692,692,Normal
693,693,Normal
694,694,Normal
695,695,Normal
696,696,Normal
697,697,Normal
698,698,Normal
699,699,Normal
700,700,Normal
701,701,Normal
702,702,Normal
703,703,Normal
704,704,Normal
705,705,Normal
706,706,Normal
707,707,Normal
708,708,Normal
709,709,Normal
710,710,Normal
711,711,Normal
712,712,Normal
713,713,Normal
714,714,Normal
715,715,Normal
716,716,Normal
717,717,Normal
718,718,Normal
719,719,Normal
720,720,Normal
721,721,Normal
722,722,Normal
723,723,Normal
724,724,Normal
725,725,Normal
726,726,Normal
727,727,Normal
728,728,Normal
729,729,Normal
730,730,Normal
731,731,Normal
732,732,Normal
733,733,Normal
734,734,Normal
735,735,Normal
736,736,Normal
737,737,Normal
738,738,Normal
739,739,Normal
740,740,Normal
741,741,Normal
742,742,Normal
743,743,Normal
744,744,Normal
745,745,Normal
746,746,Normal
747,747,Normal
748,748,Normal
749,749,Normal
750,750,Normal
751,751,Normal
752,752,Normal
753,753,Normal
754,754,Normal
755,755,Normal
756,756,Normal
757,757,Normal
758,758,Normal
759,759,Normal
760,760,Normal
761,761,Normal
762,762,Normal
763,763,Normal
764,764,Normal
765,765,Normal
766,766,Normal
767,767,Normal
768,768,Normal
769,769,Normal
770,770,Normal
771,771,Normal
772,772,Normal
773,773,Normal
774,774,Normal
775,775,Normal
776,776,Normal
777,777,Normal
778,778,Normal
779,779,Normal
780,780,Normal
781,781,Normal
782,782,Normal
783,783,Normal
784,784,Normal
785,785,Normal
786,786,Normal
787,787,Normal
788,788,Normal
789,789,Normal
790,790,Normal
791,791,Normal
792,792,Normal
793,793,Normal
794,794,Normal
795,795,Normal
796,796,Normal
797,797,Normal
798,798,Normal
799,799,Normal
800,800,Normal
801,801,Normal
802,802,Normal
803,803,Normal
804,804,Normal
805,805,Normal
806,806,Normal
807,807,Normal
808,808,Normal
809,809,Normal
810,810,Normal
811,811,Normal
812,812,Normal
813,813,Normal
814,814,Normal
815,815,Normal
816,816,Normal
817,817,Normal
818,818,Normal
819,819,Normal
820,820,Normal
821,821,Normal
822,822,Normal
823,823,Normal
824,824,Normal
825,825,Normal
826,826,Normal
827,827,Normal
828,828,Normal
829,829,Normal
830,830,Normal
831,831,Normal
832,832,Normal
833,833,Normal
834,834,Normal
835,835,Normal
836,836,Normal
837,837,Normal
838,838,Normal
839,839,Normal
840,840,Normal
841,841,Normal
842,842,Normal
843,843,Normal
844,844,Normal
845,845,Normal
846,846,Normal
847,847,Normal
848,848,Normal
849,849,Normal
850,850,Normal
851,851,Normal
852,852,Normal
853,853,Normal
854,854,Normal
855,855,Normal
856,856,Normal
857,857,Normal
858,858,Normal
859,859,Normal
860,860,Normal
861,861,Normal
862,862,Normal
863,863,Normal
864,864,Normal
865,865,Normal
866,866,Normal
867,867,Normal
868,868,Normal
869,869,Normal
870,870,Normal
871,871,Normal
872,872,Normal
873,873,Normal
874,874,Normal
875,875,Normal
876,876,Normal
877,877,Normal
878,878,Normal
879,879,Normal
880,880,Normal
881,881,Normal
882,882,Normal
883,883,Normal
884,884,Normal
885,885,Normal
886,886,Normal
887,887,Normal
888,888,Normal
889,889,Normal
890,890,Normal
891,891,Normal
892,892,Normal
893,893,Normal
894,894,Normal
895,895,Normal
896,896,Normal
897,897,Normal
898,898,Abormal
899,899,Abormal
900,900,Abormal
901,901,Abormal
902,902,Abormal
903,903,Abormal
904,904,Abormal
905,905,Abormal
906,906,Abormal
907,907,Abormal
908,908,Abormal
909,909,Abormal
910,910,Abormal
911,911,Abormal
912,912,Abormal
913,913,Abormal
914,914,Abormal
915,915,Abormal
916,916,Abormal
917,917,Abormal
918,918,Abormal
919,919,Abormal
920,920,Abormal
921,921,Abormal
922,922,Abormal
923,923,Abormal
924,924,Abormal
925,925,Abormal
926,926,Abormal
927,927,Abormal
928,928,Abormal
929,929,Abormal
930,930,Abormal
931,931,Abormal
932,932,Abormal
933,933,Abormal
934,934,Abormal
935,935,Abormal
936,936,Abormal
937,937,Abormal
938,938,Abormal
939,939,Abormal
940,940,Abormal
941,941,Abormal
942,942,Abormal
943,943,Abormal
944,944,Abormal
945,945,Abormal
946,946,Abormal
947,947,Abormal
948,948,Abormal
949,949,Abormal
950,950,Abormal
951,951,Abormal
952,952,Abormal
953,953,Abormal
954,954,Abormal
955,955,Abormal
956,956,Abormal
957,957,Abormal
958,958,Abormal
959,959,Abormal
960,960,Abormal
961,961,Abormal
962,962,Abormal
963,963,Abormal
964,964,Abormal
965,965,Abormal
966,966,Normal
967,967,Normal
968,968,Normal
969,969,Normal
970,970,Normal
971,971,Normal
972,972,Normal
973,973,Normal
974,974,Normal
975,975,Normal
976,976,Normal
977,977,Normal
978,978,Normal
979,979,Normal
980,980,Normal
981,981,Normal
982,982,Normal
983,983,Normal
984,984,Normal
985,985,Normal
986,986,Normal
987,987,Normal
988,988,Normal
989,989,Normal
990,990,Normal
991,991,Normal
992,992,Normal
993,993,Normal
994,994,Normal
995,995,Normal
996,996,Normal
997,997,Normal
998,998,Normal
999,999,Normal
1000,1000,Normal
1001,1001,Normal
1002,1002,Normal
1003,1003,Normal
1004,1004,Normal
1005,1005,Normal
1006,1006,Normal
1007,1007,Normal
1008,1008,Normal
1009,1009,Normal
1010,1010,Normal
1011,1011,Normal
1012,1012,Normal
1013,1013,Normal
1014,1014,Normal
1015,1015,Normal
1016,1016,Normal
1017,1017,Normal
1018,1018,Normal
1019,1019,Normal
1020,1020,Normal
1021,1021,Normal
1022,1022,Normal
1023,1023,Normal
1024,1024,Normal
1025,1025,Normal
1026,1026,Normal
1027,1027,Normal
1028,1028,Normal
1029,1029,Normal
1030,1030,Normal
1031,1031,Normal
1032,1032,Normal
1033,1033,Normal
1034,1034,Normal
1035,1035,Normal
1036,1036,Normal
1037,1037,Normal
1038,1038,Normal
1039,1039,Normal
1040,1040,Normal
1041,1041,Normal
1042,1042,Normal
1043,1043,Normal
1044,1044,Normal
1045,1045,Normal
1046,1046,Normal
1047,1047,Normal
1048,1048,Normal
1049,1049,Normal
1050,1050,Normal
1051,1051,Normal
1052,1052,Normal
1053,1053,Normal
1054,1054,Normal
1055,1055,Normal
1056,1056,Normal
1057,1057,Normal
1058,1058,Normal
1059,1059,Normal
1060,1060,Normal
1061,1061,Normal
1062,1062,Normal
1063,1063,Normal
1064,1064,Normal
1065,1065,Normal
1066,1066,Normal
1067,1067,Normal
1068,1068,Normal
1069,1069,Normal
1070,1070,Normal
1071,1071,Normal
1072,1072,Normal
1073,1073,Normal
1074,1074,Normal
1075,1075,Normal
1076,1076,Normal
1077,1077,Normal
1078,1078,Normal
1079,1079,Normal
1080,1080,Normal
1081,1081,Normal
1082,1082,Normal
1083,1083,Normal
1084,1084,Normal
1085,1085,Normal
1086,1086,Normal
1087,1087,Normal
1088,1088,Normal
1089,1089,Normal
1090,1090,Normal
1091,1091,Normal
1092,1092,Normal
1093,1093,Normal
1094,1094,Normal
1095,1095,Normal
1096,1096,Normal
1097,1097,Normal
1098,1098,Normal
1099,1099,Abormal
1100,1100,Abormal
1101,1101,Abormal
1102,1102,Abormal
1103,1103,Abormal
1104,1104,Abormal
1105,1105,Abormal
1106,1106,Abormal
1107,1107,Abormal
1108,1108,Abormal
1109,1109,Abormal
1110,1110,Abormal
1111,1111,Abormal
1112,1112,Abormal
1113,1113,Abormal
1114,1114,Abormal
1115,1115,Abormal
1116,1116,Abormal
1117,1117,Abormal
1118,1118,Abormal
1119,1119,Abormal
1120,1120,Abormal
1121,1121,Abormal
1122,1122,Abormal
1123,1123,Abormal
1124,1124,Abormal
1125,1125,Abormal
1126,1126,Abormal
1127,1127,Abormal
1128,1128,Abormal
1129,1129,Abormal
1130,1130,Abormal
1131,1131,Abormal
1132,1132,Abormal
1133,1133,Abormal
1134,1134,Abormal
1135,1135,Abormal
1136,1136,Abormal
1137,1137,Abormal
1138,1138,Abormal
1139,1139,Abormal
1140,1140,Abormal
1141,1141,Abormal
1142,1142,Abormal
1143,1143,Abormal
1144,1144,Abormal
1145,1145,Abormal
1146,1146,Abormal
1147,1147,Abormal
1148,1148,Abormal
1149,1149,Abormal
1150,1150,Abormal
1151,1151,Abormal
1152,1152,Abormal
1153,1153,Abormal
1154,1154,Abormal
1155,1155,Abormal
1156,1156,Abormal
1157,1157,Abormal
1158,1158,Abormal
1159,1159,Abormal
1160,1160,Abormal
1161,1161,Abormal
1162,1162,Abormal
1163,1163,Abormal
1164,1164,Abormal
1165,1165,Abormal
1166,1166,Abormal
1167,1167,Abormal
1168,1168,Abormal
1169,1169,Abormal
1170,1170,Abormal
1171,1171,Abormal
1172,1172,Abormal
1173,1173,Abormal
1174,1174,Abormal
1175,1175,Abormal
1176,1176,Abormal
1177,1177,Abormal
1178,1178,Abormal
1179,1179,Abormal
1180,1180,Abormal
1181,1181,Abormal
1182,1182,Abormal
1183,1183,Abormal
1184,1184,Abormal
1185,1185,Abormal
1186,1186,Abormal
1187,1187,Abormal
1188,1188,Abormal
1189,1189,Abormal
1190,1190,Abormal
1191,1191,Abormal
1192,1192,Abormal
1193,1193,Abormal
1194,1194,Abormal
1195,1195,Abormal
1196,1196,Abormal
1197,1197,Abormal
1198,1198,Abormal
1199,1199,Abormal
1200,1200,Abormal
1201,1201,Abormal
1202,1202,Abormal
1203,1203,Abormal
1204,1204,Abormal
1205,1205,Abormal
1206,1206,Abormal
1207,1207,Abormal
1208,1208,Abormal
1209,1209,Abormal
1210,1210,Abormal
1211,1211,Abormal
1212,1212,Abormal
1213,1213,Abormal
1214,1214,Abormal
1215,1215,Abormal
1216,1216,Abormal
1217,1217,Abormal
1218,1218,Abormal
1219,1219,Abormal
1220,1220,Abormal
1221,1221,Abormal
1222,1222,Abormal
1223,1223,Abormal
1224,1224,Abormal
1225,1225,Abormal
1226,1226,Abormal
1227,1227,Abormal
1228,1228,Abormal
1229,1229,Abormal
1230,1230,Abormal
1231,1231,Abormal
1232,1232,Abormal
1233,1233,Abormal
1234,1234,Abormal
1235,1235,Abormal
1236,1236,Abormal
1237,1237,Abormal
1238,1238,Abormal
1239,1239,Abormal
1240,1240,Abormal
1241,1241,Abormal
1242,1242,Abormal
1243,1243,Abormal
1244,1244,Abormal
1245,1245,Abormal
1246,1246,Abormal
1247,1247,Abormal
1248,1248,Abormal
1249,1249,Abormal
1250,1250,Abormal
1251,1251,Abormal
1252,1252,Abormal
1253,1253,Abormal
1254,1254,Abormal
1255,1255,Abormal
1256,1256,Abormal
1257,1257,Abormal
1258,1258,Abormal
1259,1259,Abormal
1260,1260,Abormal
1261,1261,Abormal
1262,1262,Abormal
1263,1263,Abormal
1264,1264,Abormal
1265,1265,Abormal
1266,1266,Abormal
1267,1267,Abormal
1268,1268,Abormal
1269,1269,Abormal
1270,1270,Abormal
1271,1271,Abormal
1272,1272,Abormal
1273,1273,Normal
1274,1274,Normal
1275,1275,Normal
1276,1276,Normal
1277,1277,Normal
1278,1278,Normal
1279,1279,Normal
1280,1280,Normal
1281,1281,Normal
1282,1282,Normal
1283,1283,Normal
1284,1284,Normal
1285,1285,Normal
1286,1286,Normal
1287,1287,Normal
1288,1288,Normal
1289,1289,Normal
1290,1290,Normal
1291,1291,Normal
1292,1292,Normal
1293,1293,Normal
1294,1294,Normal
1295,1295,Normal
1296,1296,Normal
1297,1297,Normal
1298,1298,Normal
1299,1299,Normal
1300,1300,Normal
1301,1301,Normal
1302,1302,Normal
1303,1303,Normal
1304,1304,Normal
1305,1305,Normal
1306,1306,Normal
1307,1307,Normal
1308,1308,Normal
1309,1309,Normal
1310,1310,Normal
1311,1311,Normal
1312,1312,Normal
1313,1313,Normal
1314,1314,Normal
1315,1315,Normal
1316,1316,Normal
1317,1317,Normal
1318,1318,Normal
1319,1319,Normal
1320,1320,Normal
1321,1321,Normal
1322,1322,Normal
1323,1323,Normal
1324,1324,Normal
1325,1325,Normal
1326,1326,Normal
1327,1327,Normal
1328,1328,Normal
1329,1329,Normal
1330,1330,Normal
1331,1331,Normal
1332,1332,Normal
1333,1333,Normal
1334,1334,Normal
1335,1335,Normal
1336,1336,Normal
1337,1337,Normal
1338,1338,Normal
1339,1339,Normal
1340,1340,Normal
1341,1341,Normal
1342,1342,Normal
1343,1343,Normal
1344,1344,Normal
1345,1345,Normal
1346,1346,Normal
1347,1347,Normal
1348,1348,Normal
1349,1349,Normal
1350,1350,Normal
1351,1351,Normal
1352,1352,Normal
1353,1353,Normal
1354,1354,Normal
1355,1355,Normal
1356,1356,Normal
1357,1357,Normal
1358,1358,Normal
1359,1359,Normal
1360,1360,Normal
1361,1361,Normal
1362,1362,Normal
1363,1363,Normal
1364,1364,Normal
1365,1365,Normal
1366,1366,Normal
1367,1367,Normal
1368,1368,Normal
1369,1369,Normal
1370,1370,Normal
1371,1371,Normal
1372,1372,Normal
1373,1373,Normal
1374,1374,Normal
1375,1375,Normal
1376,1376,Normal
1377,1377,Normal
1378,1378,Normal
1379,1379,Normal
1380,1380,Normal
1381,1381,Normal
1382,1382,Normal
1383,1383,Normal
1384,1384,Normal
1385,1385,Normal
1386,1386,Normal
1387,1387,Normal
1388,1388,Normal
1389,1389,Normal
1390,1390,Normal
1391,1391,Normal
1392,1392,Normal
1393,1393,Normal
1394,1394,Normal
1395,1395,Normal
1396,1396,Normal
1397,1397,Normal
1398,1398,Normal
1399,1399,Normal
1400,1400,Normal
1401,1401,Normal
1402,1402,Normal
1403,1403,Normal
1404,1404,Normal
1405,1405,Normal
1406,1406,Normal
1407,1407,Normal
1408,1408,Normal
1409,1409,Normal
1410,1410,Normal
1411,1411,Normal
1412,1412,Normal
1413,1413,Normal
1414,1414,Normal
1415,1415,Normal
1416,1416,Normal
1417,1417,Normal
1418,1418,Normal
1419,1419,Normal
1420,1420,Normal
1421,1421,Normal
1422,1422,Normal
1423,1423,Normal
1424,1424,Normal
1425,1425,Normal
1426,1426,Normal
1427,1427,Normal
1428,1428,Normal
1429,1429,Normal
1430,1430,Normal
1431,1431,Normal
1432,1432,Normal
1433,1433,Normal
1434,1434,Abormal
1435,1435,Abormal
1436,1436,Abormal
1437,1437,Abormal
1438,1438,Abormal
1439,1439,Abormal
1440,1440,Abormal
1441,1441,Abormal
1442,1442,Abormal
1443,1443,Abormal
1444,1444,Abormal
1445,1445,Abormal
1446,1446,Abormal
1447,1447,Abormal
1448,1448,Abormal
1449,1449,Abormal
1450,1450,Abormal
1451,1451,Abormal
1452,1452,Abormal
1453,1453,Abormal
1454,1454,Abormal
1455,1455,Abormal
1456,1456,Abormal
1457,1457,Abormal
1458,1458,Abormal
1459,1459,Abormal
1460,1460,Abormal
1461,1461,Abormal
1462,1462,Abormal
1463,1463,Abormal
1464,1464,Abormal
1465,1465,Abormal
1466,1466,Abormal
1467,1467,Abormal
1468,1468,Abormal
1469,1469,Abormal
1470,1470,Abormal
1471,1471,Abormal
1472,1472,Abormal
1473,1473,Abormal
1474,1474,Abormal
1475,1475,Abormal
1476,1476,Abormal
1477,1477,Abormal
1478,1478,Abormal
1479,1479,Abormal
1480,1480,Abormal
1481,1481,Abormal
1482,1482,Abormal
1483,1483,Abormal
1484,1484,Abormal
1485,1485,Abormal
1486,1486,Abormal
1487,1487,Abormal
1488,1488,Abormal
1489,1489,Abormal
1490,1490,Abormal
1491,1491,Abormal
1492,1492,Abormal
1493,1493,Abormal
1494,1494,Abormal
1495,1495,Abormal
1496,1496,Abormal
1497,1497,Abormal
1498,1498,Abormal
1499,1499,Abormal
1500,1500,Abormal
1501,1501,Abormal
1502,1502,Abormal
1503,1503,Abormal
1504,1504,Abormal
1505,1505,Abormal
1506,1506,Abormal
1507,1507,Abormal
1508,1508,Abormal
1509,1509,Abormal
1510,1510,Abormal
1511,1511,Abormal
1512,1512,Abormal
1513,1513,Abormal
1514,1514,Abormal
1515,1515,Abormal
1516,1516,Normal
1517,1517,Normal
1518,1518,Normal
1519,1519,Normal
1520,1520,Normal
1521,1521,Normal
1522,1522,Normal
1523,1523,Normal
1524,1524,Normal
1525,1525,Normal
1526,1526,Normal
1527,1527,Normal
1528,1528,Normal
1529,1529,Normal
1530,1530,Normal
1531,1531,Normal
1532,1532,Normal
1533,1533,Normal
1534,1534,Normal
1535,1535,Normal
1536,1536,Normal
1537,1537,Normal
1538,1538,Normal
1539,1539,Normal
1540,1540,Normal
1541,1541,Normal
1542,1542,Normal
1543,1543,Normal
1544,1544,Normal
1545,1545,Normal
1546,1546,Normal
1547,1547,Normal
1548,1548,Normal
1549,1549,Normal
1550,1550,Normal
1551,1551,Normal
1552,1552,Normal
1553,1553,Normal
1554,1554,Normal
1555,1555,Normal
1556,1556,Normal
1557,1557,Normal
1558,1558,Normal
1559,1559,Normal
1560,1560,Normal
1561,1561,Normal
1562,1562,Normal
1563,1563,Normal
1564,1564,Normal
1565,1565,Normal
1566,1566,Normal
1567,1567,Normal
1568,1568,Normal
1569,1569,Normal
1570,1570,Normal
1571,1571,Normal
1572,1572,Normal
1573,1573,Normal
1574,1574,Normal
1575,1575,Normal
1576,1576,Normal
1577,1577,Normal
1578,1578,Normal
1579,1579,Normal
1580,1580,Normal
1581,1581,Normal
1582,1582,Normal
1583,1583,Normal
1584,1584,Normal
1585,1585,Normal
1586,1586,Normal
1587,1587,Normal
1588,1588,Normal
1589,1589,Normal
1590,1590,Normal
1591,1591,Normal
1592,1592,Normal
1593,1593,Normal
1594,1594,Normal
1595,1595,Normal
1596,1596,Normal
1597,1597,Normal
1598,1598,Normal
1599,1599,Normal
1600,1600,Normal
1601,1601,Normal
1602,1602,Normal
1603,1603,Normal
1604,1604,Normal
1605,1605,Normal
1606,1606,Normal
1607,1607,Normal
1608,1608,Normal
1609,1609,Normal
1610,1610,Normal
1611,1611,Normal
1612,1612,Normal
1613,1613,Normal
1614,1614,Normal
1615,1615,Normal
1616,1616,Normal
1617,1617,Normal
1618,1618,Normal
1619,1619,Normal
1620,1620,Normal
1621,1621,Normal
1622,1622,Normal
1623,1623,Normal
1624,1624,Normal
1625,1625,Normal
1626,1626,Normal
1627,1627,Normal
1628,1628,Normal
1629,1629,Normal
1630,1630,Normal
1631,1631,Normal
1632,1632,Normal
1633,1633,Normal
1634,1634,Normal
1635,1635,Normal
1636,1636,Normal
1637,1637,Normal
1638,1638,Normal
1639,1639,Normal
1640,1640,Normal
1641,1641,Normal
1642,1642,Normal
1643,1643,Normal
1644,1644,Normal
1645,1645,Normal
1646,1646,Normal
1647,1647,Normal
1648,1648,Normal
1649,1649,Normal
1650,1650,Normal
1651,1651,Normal
1652,1652,Normal
1653,1653,Normal
1654,1654,Normal
1655,1655,Normal
1656,1656,Normal
1657,1657,Normal
1658,1658,Normal
1659,1659,Normal
1660,1660,Normal
1661,1661,Normal
1662,1662,Normal
1663,1663,Normal
1664,1664,Normal
1665,1665,Normal
1666,1666,Normal
1667,1667,Normal
1668,1668,Normal
1669,1669,Normal
1670,1670,Normal
1671,1671,Normal
1672,1672,Normal
1673,1673,Normal
1674,1674,Normal
1675,1675,Normal
1676,1676,Normal
1677,1677,Normal
1678,1678,Normal
1679,1679,Normal
1680,1680,Normal
1681,1681,Normal
1682,1682,Normal
1683,1683,Normal
1684,1684,Normal
1685,1685,Normal
1686,1686,Normal
1687,1687,Normal
1688,1688,Normal
1689,1689,Normal
1690,1690,Normal
1691,1691,Normal
1692,1692,Normal
1693,1693,Normal
1694,1694,Normal
1695,1695,Normal
1696,1696,Normal
1697,1697,Normal
1698,1698,Normal
1699,1699,Normal
1700,1700,Normal
1701,1701,Normal
1702,1702,Normal
1703,1703,Normal
1704,1704,Normal
1705,1705,Normal
1706,1706,Normal
1707,1707,Normal
1708,1708,Normal
1709,1709,Normal
1710,1710,Normal
1711,1711,Normal
1712,1712,Normal
1713,1713,Normal
1714,1714,Normal
1715,1715,Normal
1716,1716,Normal
1717,1717,Normal
1718,1718,Normal
1719,1719,Normal
1720,1720,Normal
1721,1721,Normal
1722,1722,Normal
1723,1723,Normal
1724,1724,Normal
1725,1725,Normal
1726,1726,Normal
1727,1727,Normal
1728,1728,Normal
1729,1729,Normal
1730,1730,Normal
1731,1731,Normal
1732,1732,Normal
1733,1733,Normal
1734,1734,Normal
1735,1735,Normal
1736,1736,Normal
1737,1737,Normal
1738,1738,Normal
1739,1739,Normal
1740,1740,Normal
1741,1741,Normal
1742,1742,Normal
1743,1743,Normal
1744,1744,Normal
1745,1745,Normal
1746,1746,Normal
1747,1747,Normal
1748,1748,Normal
1749,1749,Normal
1750,1750,Normal
1751,1751,Normal
1752,1752,Normal
1753,1753,Normal
1754,1754,Normal
1755,1755,Normal
1756,1756,Normal
1757,1757,Normal
1758,1758,Normal
1759,1759,Normal
1760,1760,Normal
1761,1761,Normal
1762,1762,Normal
1763,1763,Normal
1764,1764,Normal
1765,1765,Normal
1766,1766,Normal
1767,1767,Normal
1768,1768,Normal
1769,1769,Normal
1770,1770,Normal
1771,1771,Normal
1772,1772,Normal
1773,1773,Normal
1774,1774,Normal
1775,1775,Normal
1776,1776,Normal
1777,1777,Abormal
1778,1778,Abormal
1779,1779,Abormal
1780,1780,Abormal
1781,1781,Abormal
1782,1782,Abormal
1783,1783,Abormal
1784,1784,Abormal
1785,1785,Abormal
1786,1786,Abormal
1787,1787,Abormal
1788,1788,Abormal
1789,1789,Abormal
1790,1790,Abormal
1791,1791,Abormal
1792,1792,Abormal
1793,1793,Abormal
1794,1794,Abormal
1795,1795,Abormal
1796,1796,Abormal
1797,1797,Abormal
1798,1798,Abormal
1799,1799,Abormal
1800,1800,Abormal
1801,1801,Abormal
1802,1802,Abormal
1803,1803,Abormal
1804,1804,Abormal
1805,1805,Abormal
1806,1806,Abormal
1807,1807,Abormal
1808,1808,Abormal
1809,1809,Abormal
1810,1810,Abormal
1811,1811,Abormal
1812,1812,Abormal
1813,1813,Abormal
1814,1814,Abormal
1815,1815,Abormal
1816,1816,Abormal
1817,1817,Abormal
1818,1818,Abormal
1819,1819,Abormal
1820,1820,Abormal
1821,1821,Abormal
1822,1822,Abormal
1823,1823,Abormal
1824,1824,Abormal
1825,1825,Abormal
1826,1826,Abormal
1827,1827,Abormal
1828,1828,Abormal
1829,1829,Abormal
1830,1830,Abormal
1831,1831,Abormal
1832,1832,Abormal
1833,1833,Abormal
1834,1834,Abormal
1835,1835,Abormal
1836,1836,Abormal
1837,1837,Abormal
1838,1838,Abormal
1839,1839,Abormal
1840,1840,Abormal
1841,1841,Abormal
1842,1842,Abormal
1843,1843,Abormal
1844,1844,Abormal
1845,1845,Abormal
1846,1846,Abormal
1847,1847,Abormal
1848,1848,Abormal
1849,1849,Abormal
1850,1850,Abormal
1851,1851,Abormal
1852,1852,Abormal
1853,1853,Abormal
1854,1854,Abormal
1855,1855,Abormal
1856,1856,Abormal
1857,1857,Abormal
1858,1858,Abormal
1859,1859,Abormal
1860,1860,Abormal
1861,1861,Abormal
1862,1862,Abormal
1863,1863,Abormal
1864,1864,Abormal
1865,1865,Abormal
1866,1866,Abormal
1867,1867,Abormal
1868,1868,Abormal
1869,1869,Abormal
1870,1870,Abormal
1871,1871,Abormal
1872,1872,Abormal
1873,1873,Abormal
1874,1874,Abormal
1875,1875,Abormal
1876,1876,Abormal
1877,1877,Abormal
1878,1878,Abormal
1879,1879,Abormal
1880,1880,Abormal
1881,1881,Abormal
1882,1882,Abormal
1883,1883,Abormal
1884,1884,Abormal
1885,1885,Abormal
1886,1886,Abormal
1887,1887,Abormal
1888,1888,Abormal
1889,1889,Abormal
1890,1890,Abormal
1891,1891,Abormal
1892,1892,Abormal
1893,1893,Abormal
1894,1894,Abormal
1895,1895,Abormal
1896,1896,Abormal
1897,1897,Abormal
1898,1898,Abormal
1899,1899,Abormal
1900,1900,Abormal
1901,1901,Abormal
1902,1902,Abormal
1903,1903,Abormal
1904,1904,Abormal
1905,1905,Abormal
1906,1906,Abormal
1907,1907,Abormal
1908,1908,Abormal
1909,1909,Abormal
1910,1910,Abormal
1911,1911,Abormal
1912,1912,Abormal
1913,1913,Abormal
1914,1914,Abormal
1915,1915,Abormal
1916,1916,Abormal
1917,1917,Abormal
1918,1918,Abormal
1919,1919,Abormal
1920,1920,Abormal
1921,1921,Abormal
1922,1922,Abormal
1923,1923,Abormal
1924,1924,Abormal
1925,1925,Abormal
1926,1926,Abormal
1927,1927,Abormal
1928,1928,Abormal
1929,1929,Abormal
1930,1930,Abormal
1931,1931,Abormal
1932,1932,Abormal
1933,1933,Abormal
1934,1934,Abormal
1935,1935,Abormal
1936,1936,Abormal
1937,1937,Abormal
1938,1938,Abormal
1939,1939,Abormal
1940,1940,Abormal
1941,1941,Abormal
1942,1942,Abormal
1943,1943,Abormal
1944,1944,Abormal
1945,1945,Normal
1946,1946,Normal
1947,1947,Normal
1948,1948,Normal
1949,1949,Normal
1950,1950,Normal
1951,1951,Normal
1952,1952,Normal
1953,1953,Normal
1954,1954,Normal
1955,1955,Normal
1956,1956,Normal
1957,1957,Normal
1958,1958,Normal
1959,1959,Normal
1960,1960,Normal
1961,1961,Normal
1962,1962,Normal
1963,1963,Normal
1964,1964,Normal
1965,1965,Normal
1966,1966,Normal
1967,1967,Normal
1968,1968,Normal
1969,1969,Normal
1970,1970,Normal
1971,1971,Normal
1972,1972,Normal
1973,1973,Normal
1974,1974,Normal
1975,1975,Normal
1976,1976,Normal
1977,1977,Normal
1978,1978,Normal
1979,1979,Normal
1980,1980,Normal
1981,1981,Normal
1982,1982,Normal
1983,1983,Normal
1984,1984,Normal
1985,1985,Normal
1986,1986,Normal
1987,1987,Normal
1988,1988,Normal
1989,1989,Normal
1990,1990,Normal
1991,1991,Normal
1992,1992,Normal
1993,1993,Normal
1994,1994,Normal
1995,1995,Normal
1996,1996,Normal
1997,1997,Normal
1998,1998,Normal
1999,1999,Normal
2000,2000,Normal
2001,2001,Normal
2002,2002,Normal
2003,2003,Normal
2004,2004,Normal
2005,2005,Normal
2006,2006,Normal
2007,2007,Normal
2008,2008,Normal
2009,2009,Normal
2010,2010,Normal
2011,2011,Normal
2012,2012,Normal
2013,2013,Normal
2014,2014,Normal
2015,2015,Normal
2016,2016,Normal
2017,2017,Normal
2018,2018,Normal
2019,2019,Normal
2020,2020,Normal
2021,2021,Normal
2022,2022,Normal
2023,2023,Normal
2024,2024,Normal
2025,2025,Normal
2026,2026,Normal
2027,2027,Normal
2028,2028,Normal
2029,2029,Normal
2030,2030,Normal
2031,2031,Normal
2032,2032,Normal
2033,2033,Normal
2034,2034,Normal
2035,2035,Normal
2036,2036,Normal
2037,2037,Normal
2038,2038,Normal
2039,2039,Normal
2040,2040,Normal
2041,2041,Normal
2042,2042,Normal
2043,2043,Normal
2044,2044,Normal
2045,2045,Normal
2046,2046,Normal
2047,2047,Normal
2048,2048,Normal
2049,2049,Normal
2050,2050,Normal
2051,2051,Normal
2052,2052,Normal
2053,2053,Normal
2054,2054,Normal
2055,2055,Normal
2056,2056,Normal
2057,2057,Normal
2058,2058,Normal
2059,2059,Normal
2060,2060,Normal
2061,2061,Normal
2062,2062,Normal
2063,2063,Normal
2064,2064,Normal
2065,2065,Normal
2066,2066,Normal
2067,2067,Normal
2068,2068,Normal
2069,2069,Normal
2070,2070,Normal
2071,2071,Normal
2072,2072,Normal
2073,2073,Normal
2074,2074,Normal
2075,2075,Normal
2076,2076,Normal
2077,2077,Normal
2078,2078,Normal
2079,2079,Normal
2080,2080,Normal
2081,2081,Normal
2082,2082,Normal
2083,2083,Normal
2084,2084,Normal
2085,2085,Normal
2086,2086,Normal
2087,2087,Normal
2088,2088,Normal
2089,2089,Normal
2090,2090,Normal
2091,2091,Normal
2092,2092,Normal
2093,2093,Normal
2094,2094,Normal
2095,2095,Normal
2096,2096,Normal
2097,2097,Normal
2098,2098,Normal
2099,2099,Normal
2100,2100,Normal
2101,2101,Normal
2102,2102,Normal
2103,2103,Normal
2104,2104,Normal
2105,2105,Normal
2106,2106,Normal
2107,2107,Normal
2108,2108,Normal
2109,2109,Normal
2110,2110,Normal
2111,2111,Normal
2112,2112,Normal
2113,2113,Normal
2114,2114,Normal
2115,2115,Normal
2116,2116,Normal
2117,2117,Normal
2118,2118,Normal
2119,2119,Normal
2120,2120,Normal
2121,2121,Normal
2122,2122,Normal
2123,2123,Normal
2124,2124,Normal
2125,2125,Normal
2126,2126,Normal
2127,2127,Normal
2128,2128,Normal
2129,2129,Normal
2130,2130,Normal
2131,2131,Normal
2132,2132,Normal
2133,2133,Normal
2134,2134,Normal
2135,2135,Normal
2136,2136,Normal
2137,2137,Normal
2138,2138,Normal
2139,2139,Normal
2140,2140,Normal
2141,2141,Normal
2142,2142,Normal
2143,2143,Normal
2144,2144,Normal
2145,2145,Normal
2146,2146,Normal
2147,2147,Normal
2148,2148,Normal
2149,2149,Normal
2150,2150,Normal
2151,2151,Normal
2152,2152,Normal
2153,2153,Normal
2154,2154,Normal
2155,2155,Normal
2156,2156,Normal
2157,2157,Normal
2158,2158,Normal
2159,2159,Normal
2160,2160,Normal
2161,2161,Normal
2162,2162,Normal
2163,2163,Normal
2164,2164,Normal
2165,2165,Normal
2166,2166,Normal
2167,2167,Normal
2168,2168,Normal
2169,2169,Normal
2170,2170,Normal
2171,2171,Normal
2172,2172,Abormal
2173,2173,Abormal
2174,2174,Abormal
2175,2175,Abormal
2176,2176,Abormal
2177,2177,Abormal
2178,2178,Abormal
2179,2179,Abormal
2180,2180,Abormal
2181,2181,Abormal
2182,2182,Abormal
2183,2183,Abormal
2184,2184,Abormal
2185,2185,Abormal
2186,2186,Abormal
2187,2187,Abormal
2188,2188,Abormal
2189,2189,Abormal
2190,2190,Abormal
2191,2191,Abormal
2192,2192,Abormal
2193,2193,Abormal
2194,2194,Abormal
2195,2195,Abormal
2196,2196,Abormal
2197,2197,Abormal
2198,2198,Abormal
2199,2199,Abormal
2200,2200,Abormal
2201,2201,Abormal
2202,2202,Abormal
2203,2203,Abormal
2204,2204,Abormal
2205,2205,Abormal
2206,2206,Abormal
2207,2207,Abormal
2208,2208,Abormal
2209,2209,Abormal
2210,2210,Abormal
2211,2211,Abormal
2212,2212,Abormal
2213,2213,Abormal
2214,2214,Abormal
2215,2215,Abormal
2216,2216,Abormal
2217,2217,Abormal
2218,2218,Abormal
2219,2219,Abormal
2220,2220,Abormal
2221,2221,Abormal
2222,2222,Abormal
2223,2223,Abormal
2224,2224,Abormal
2225,2225,Abormal
2226,2226,Abormal
2227,2227,Abormal
2228,2228,Abormal
2229,2229,Abormal
2230,2230,Abormal
2231,2231,Abormal
2232,2232,Abormal
2233,2233,Abormal
2234,2234,Abormal
2235,2235,Abormal
2236,2236,Abormal
2237,2237,Abormal
2238,2238,Abormal
2239,2239,Abormal
2240,2240,Abormal
2241,2241,Abormal
2242,2242,Abormal
2243,2243,Abormal
2244,2244,Abormal
2245,2245,Abormal
2246,2246,Abormal
2247,2247,Abormal
2248,2248,Abormal
2249,2249,Abormal
2250,2250,Abormal
2251,2251,Abormal
2252,2252,Abormal
2253,2253,Abormal
2254,2254,Abormal
2255,2255,Abormal
2256,2256,Abormal
2257,2257,Abormal
2258,2258,Abormal
2259,2259,Abormal
2260,2260,Abormal
2261,2261,Abormal
2262,2262,Abormal
2263,2263,Abormal
2264,2264,Abormal
2265,2265,Abormal
2266,2266,Abormal
2267,2267,Abormal
2268,2268,Abormal
2269,2269,Abormal
2270,2270,Abormal
2271,2271,Normal
2272,2272,Normal
2273,2273,Normal
2274,2274,Normal
2275,2275,Normal
2276,2276,Normal
2277,2277,Normal
2278,2278,Normal
2279,2279,Normal
2280,2280,Normal
2281,2281,Normal
2282,2282,Normal
2283,2283,Normal
2284,2284,Normal
2285,2285,Normal
2286,2286,Normal
2287,2287,Normal
2288,2288,Normal
2289,2289,Normal
2290,2290,Normal
2291,2291,Normal
2292,2292,Normal
2293,2293,Normal
2294,2294,Normal
2295,2295,Normal
2296,2296,Normal
2297,2297,Normal
2298,2298,Normal
2299,2299,Normal
2300,2300,Normal
2301,2301,Normal
2302,2302,Normal
2303,2303,Normal
2304,2304,Normal
2305,2305,Normal
2306,2306,Normal
2307,2307,Normal
2308,2308,Normal
2309,2309,Normal
2310,2310,Normal
2311,2311,Normal
2312,2312,Normal
2313,2313,Normal
2314,2314,Normal
2315,2315,Normal
2316,2316,Normal
2317,2317,Normal
2318,2318,Normal
2319,2319,Normal
2320,2320,Normal
2321,2321,Normal
2322,2322,Normal
2323,2323,Normal
2324,2324,Normal
2325,2325,Normal
2326,2326,Normal
2327,2327,Normal
2328,2328,Normal
2329,2329,Normal
2330,2330,Normal
2331,2331,Normal
2332,2332,Normal
2333,2333,Normal
2334,2334,Normal
2335,2335,Normal
2336,2336,Normal
2337,2337,Normal
2338,2338,Normal
2339,2339,Normal
2340,2340,Normal
2341,2341,Normal
2342,2342,Normal
2343,2343,Normal
2344,2344,Normal
2345,2345,Normal
2346,2346,Normal
2347,2347,Normal
2348,2348,Normal
2349,2349,Normal
2350,2350,Normal
2351,2351,Normal
2352,2352,Normal
2353,2353,Normal
2354,2354,Normal
2355,2355,Normal
2356,2356,Normal
2357,2357,Normal
2358,2358,Normal
2359,2359,Normal
2360,2360,Normal
